--
-- PostgreSQL database dump
--

-- Dumped from database version 13.4
-- Dumped by pg_dump version 13.3

-- Started on 2022-01-05 16:00:05 MSK

SET statement_timeout = 0;
SET lock_timeout = 0;
SET idle_in_transaction_session_timeout = 0;
SET client_encoding = 'UTF8';
SET standard_conforming_strings = on;
SELECT pg_catalog.set_config('search_path', '', false);
SET check_function_bodies = false;
SET xmloption = content;
SET client_min_messages = warning;
SET row_security = off;

SET default_tablespace = '';

SET default_table_access_method = heap;

--
-- TOC entry 210 (class 1259 OID 50197)
-- Name: mail; Type: TABLE; Schema: public; Owner: postgres
--

CREATE TABLE public.mail (
    id integer NOT NULL,
    email character varying NOT NULL,
    link character varying NOT NULL
);


ALTER TABLE public.mail OWNER TO postgres;

--
-- TOC entry 209 (class 1259 OID 50195)
-- Name: mail_id_seq; Type: SEQUENCE; Schema: public; Owner: postgres
--

CREATE SEQUENCE public.mail_id_seq
    AS integer
    START WITH 1
    INCREMENT BY 1
    NO MINVALUE
    NO MAXVALUE
    CACHE 1;


ALTER TABLE public.mail_id_seq OWNER TO postgres;

--
-- TOC entry 3325 (class 0 OID 0)
-- Dependencies: 209
-- Name: mail_id_seq; Type: SEQUENCE OWNED BY; Schema: public; Owner: postgres
--

ALTER SEQUENCE public.mail_id_seq OWNED BY public.mail.id;


--
-- TOC entry 201 (class 1259 OID 50130)
-- Name: migrations; Type: TABLE; Schema: public; Owner: postgres
--

CREATE TABLE public.migrations (
    id integer NOT NULL,
    "timestamp" bigint NOT NULL,
    name character varying NOT NULL
);


ALTER TABLE public.migrations OWNER TO postgres;

--
-- TOC entry 200 (class 1259 OID 50128)
-- Name: migrations_id_seq; Type: SEQUENCE; Schema: public; Owner: postgres
--

CREATE SEQUENCE public.migrations_id_seq
    AS integer
    START WITH 1
    INCREMENT BY 1
    NO MINVALUE
    NO MAXVALUE
    CACHE 1;


ALTER TABLE public.migrations_id_seq OWNER TO postgres;

--
-- TOC entry 3326 (class 0 OID 0)
-- Dependencies: 200
-- Name: migrations_id_seq; Type: SEQUENCE OWNED BY; Schema: public; Owner: postgres
--

ALTER SEQUENCE public.migrations_id_seq OWNED BY public.migrations.id;


--
-- TOC entry 207 (class 1259 OID 50167)
-- Name: role; Type: TABLE; Schema: public; Owner: postgres
--

CREATE TABLE public.role (
    id integer NOT NULL,
    name character varying NOT NULL,
    description character varying
);


ALTER TABLE public.role OWNER TO postgres;

--
-- TOC entry 206 (class 1259 OID 50165)
-- Name: role_id_seq; Type: SEQUENCE; Schema: public; Owner: postgres
--

CREATE SEQUENCE public.role_id_seq
    AS integer
    START WITH 1
    INCREMENT BY 1
    NO MINVALUE
    NO MAXVALUE
    CACHE 1;


ALTER TABLE public.role_id_seq OWNER TO postgres;

--
-- TOC entry 3327 (class 0 OID 0)
-- Dependencies: 206
-- Name: role_id_seq; Type: SEQUENCE OWNED BY; Schema: public; Owner: postgres
--

ALTER SEQUENCE public.role_id_seq OWNED BY public.role.id;


--
-- TOC entry 203 (class 1259 OID 50141)
-- Name: token; Type: TABLE; Schema: public; Owner: postgres
--

CREATE TABLE public.token (
    id integer NOT NULL,
    "userId" integer NOT NULL,
    "refreshToken" character varying NOT NULL
);


ALTER TABLE public.token OWNER TO postgres;

--
-- TOC entry 202 (class 1259 OID 50139)
-- Name: token_id_seq; Type: SEQUENCE; Schema: public; Owner: postgres
--

CREATE SEQUENCE public.token_id_seq
    AS integer
    START WITH 1
    INCREMENT BY 1
    NO MINVALUE
    NO MAXVALUE
    CACHE 1;


ALTER TABLE public.token_id_seq OWNER TO postgres;

--
-- TOC entry 3328 (class 0 OID 0)
-- Dependencies: 202
-- Name: token_id_seq; Type: SEQUENCE OWNED BY; Schema: public; Owner: postgres
--

ALTER SEQUENCE public.token_id_seq OWNED BY public.token.id;


--
-- TOC entry 205 (class 1259 OID 50152)
-- Name: user; Type: TABLE; Schema: public; Owner: postgres
--

CREATE TABLE public."user" (
    id integer NOT NULL,
    email character varying NOT NULL,
    password character varying NOT NULL,
    name character varying NOT NULL,
    avatar character varying,
    banned boolean DEFAULT false NOT NULL,
    "banReason" character varying,
    "isActive" boolean DEFAULT false NOT NULL,
    "resetLink" character varying,
    "confirmLink" character varying
);


ALTER TABLE public."user" OWNER TO postgres;

--
-- TOC entry 204 (class 1259 OID 50150)
-- Name: user_id_seq; Type: SEQUENCE; Schema: public; Owner: postgres
--

CREATE SEQUENCE public.user_id_seq
    AS integer
    START WITH 1
    INCREMENT BY 1
    NO MINVALUE
    NO MAXVALUE
    CACHE 1;


ALTER TABLE public.user_id_seq OWNER TO postgres;

--
-- TOC entry 3329 (class 0 OID 0)
-- Dependencies: 204
-- Name: user_id_seq; Type: SEQUENCE OWNED BY; Schema: public; Owner: postgres
--

ALTER SEQUENCE public.user_id_seq OWNED BY public."user".id;


--
-- TOC entry 208 (class 1259 OID 50178)
-- Name: user_roles_role; Type: TABLE; Schema: public; Owner: postgres
--

CREATE TABLE public.user_roles_role (
    "userId" integer NOT NULL,
    "roleId" integer NOT NULL
);


ALTER TABLE public.user_roles_role OWNER TO postgres;

--
-- TOC entry 3156 (class 2604 OID 50200)
-- Name: mail id; Type: DEFAULT; Schema: public; Owner: postgres
--

ALTER TABLE ONLY public.mail ALTER COLUMN id SET DEFAULT nextval('public.mail_id_seq'::regclass);


--
-- TOC entry 3150 (class 2604 OID 50133)
-- Name: migrations id; Type: DEFAULT; Schema: public; Owner: postgres
--

ALTER TABLE ONLY public.migrations ALTER COLUMN id SET DEFAULT nextval('public.migrations_id_seq'::regclass);


--
-- TOC entry 3155 (class 2604 OID 50170)
-- Name: role id; Type: DEFAULT; Schema: public; Owner: postgres
--

ALTER TABLE ONLY public.role ALTER COLUMN id SET DEFAULT nextval('public.role_id_seq'::regclass);


--
-- TOC entry 3151 (class 2604 OID 50144)
-- Name: token id; Type: DEFAULT; Schema: public; Owner: postgres
--

ALTER TABLE ONLY public.token ALTER COLUMN id SET DEFAULT nextval('public.token_id_seq'::regclass);


--
-- TOC entry 3152 (class 2604 OID 50155)
-- Name: user id; Type: DEFAULT; Schema: public; Owner: postgres
--

ALTER TABLE ONLY public."user" ALTER COLUMN id SET DEFAULT nextval('public.user_id_seq'::regclass);


--
-- TOC entry 3319 (class 0 OID 50197)
-- Dependencies: 210
-- Data for Name: mail; Type: TABLE DATA; Schema: public; Owner: postgres
--



--
-- TOC entry 3310 (class 0 OID 50130)
-- Dependencies: 201
-- Data for Name: migrations; Type: TABLE DATA; Schema: public; Owner: postgres
--

INSERT INTO public.migrations (id, "timestamp", name) VALUES (1, 1639506533024, 'firstMigration1639506533024');
INSERT INTO public.migrations (id, "timestamp", name) VALUES (2, 1639587265976, 'mail1639587265976');
INSERT INTO public.migrations (id, "timestamp", name) VALUES (3, 1639587605414, 'mail21639587605414');
INSERT INTO public.migrations (id, "timestamp", name) VALUES (4, 1639587770656, 'mail31639587770656');
INSERT INTO public.migrations (id, "timestamp", name) VALUES (5, 1639588082475, 'confirm11639588082475');


--
-- TOC entry 3316 (class 0 OID 50167)
-- Dependencies: 207
-- Data for Name: role; Type: TABLE DATA; Schema: public; Owner: postgres
--

INSERT INTO public.role (id, name, description) VALUES (1, 'default', 'default user');
INSERT INTO public.role (id, name, description) VALUES (2, 'premium', 'premium user');
INSERT INTO public.role (id, name, description) VALUES (3, 'admin', 'admin');
INSERT INTO public.role (id, name, description) VALUES (4, 'super-user', 'super-user');


--
-- TOC entry 3312 (class 0 OID 50141)
-- Dependencies: 203
-- Data for Name: token; Type: TABLE DATA; Schema: public; Owner: postgres
--

INSERT INTO public.token (id, "userId", "refreshToken") VALUES (1, 10, 'eyJhbGciOiJIUzI1NiIsInR5cCI6IkpXVCJ9.eyJlbWFpbCI6InZpdGFsNy5wZXJlZ0BtYWlsLnJ1IiwiaWQiOjEwLCJpc0FjdGl2ZSI6ZmFsc2UsInJvbGVzIjpbeyJpZCI6MSwibmFtZSI6ImRlZmF1bHQiLCJkZXNjcmlwdGlvbiI6ImRlZmF1bHQgdXNlciJ9XSwiaWF0IjoxNjM5NTA3OTc3LCJleHAiOjE2NDIwOTk5Nzd9.uycPr7OTr0Pjda3NEMXTdEI1HHzGTjYFOoeZpl4Hvw4');


--
-- TOC entry 3314 (class 0 OID 50152)
-- Dependencies: 205
-- Data for Name: user; Type: TABLE DATA; Schema: public; Owner: postgres
--

INSERT INTO public."user" (id, email, password, name, avatar, banned, "banReason", "isActive", "resetLink", "confirmLink") VALUES (8, 'vital2.pereg@mail.ru', '$2b$04$b9xIUcwvXiLwG00jY7y5feJdDjQoSd/SoI4gfIm5yr4Fg4lUWZKxy', 'Vitalik', NULL, false, NULL, false, NULL, NULL);
INSERT INTO public."user" (id, email, password, name, avatar, banned, "banReason", "isActive", "resetLink", "confirmLink") VALUES (9, 'vital5.pereg@mail.ru', '$2b$04$k9hGslVDbxeLTiIUQboF4uNH4/omx1JCBg48M0ZT6XSXDI191ccb.', 'Vitalik', NULL, false, NULL, false, NULL, NULL);
INSERT INTO public."user" (id, email, password, name, avatar, banned, "banReason", "isActive", "resetLink", "confirmLink") VALUES (12, 'vital10.pereg@mail.ru', '$2b$04$vJCjMESJd.IHii5Zvd.cPeTeD9Xy7ZiyKrM5/nK95dQhOkvYZPm0e', 'Vitalik', NULL, false, NULL, false, '680ba4e6-c037-4655-84cd-1ff311875ba9', 'ef379d82-79f4-4fdd-9b3f-1fc0fa7d68dc');
INSERT INTO public."user" (id, email, password, name, avatar, banned, "banReason", "isActive", "resetLink", "confirmLink") VALUES (10, 'vital7.pereg@mail.ru', '$2b$04$oW5D7b.CyStKFWUlkldlAOHAJLnvC2cQbucKRz9toYBqGmRDLFIh.', 'Vitalik', NULL, false, NULL, false, '123', NULL);
INSERT INTO public."user" (id, email, password, name, avatar, banned, "banReason", "isActive", "resetLink", "confirmLink") VALUES (13, '1', '$2b$04$xez.SBnnitg4dHlbTdrtm.4I9qNZcvJLuTu98mxIsYnvcHoKev7bu', '1', NULL, false, NULL, false, NULL, NULL);
INSERT INTO public."user" (id, email, password, name, avatar, banned, "banReason", "isActive", "resetLink", "confirmLink") VALUES (14, '2', '$2b$04$q4/HHT2GXY0ZfTi/B2qLGOm9ijqiLDCincJNdM2y/LKH7VKAOkqdO', '1', NULL, false, NULL, false, NULL, NULL);
INSERT INTO public."user" (id, email, password, name, avatar, banned, "banReason", "isActive", "resetLink", "confirmLink") VALUES (16, '3', '$2b$04$3tp9u2VuGyinURZDj5165eT6e9vg4BsiDU0My8.pMgzi7IqbfDQaK', '1', NULL, false, NULL, false, NULL, NULL);
INSERT INTO public."user" (id, email, password, name, avatar, banned, "banReason", "isActive", "resetLink", "confirmLink") VALUES (17, 'test@mail.ru', '$2b$04$WrfueSOhL7/Rdb8kI7Y.Ku6iXt5Tm1JjBaduB.bUaZm00UsWxdgEK', 'test', NULL, false, NULL, false, NULL, NULL);
INSERT INTO public."user" (id, email, password, name, avatar, banned, "banReason", "isActive", "resetLink", "confirmLink") VALUES (19, 'testers@mail.ru', '$2b$04$tWgFWNifOQwNgeojMOQdLuIIu13ltfLBNfvje.wntvF/t6fpWIvGW', 'test', NULL, false, NULL, false, NULL, NULL);
INSERT INTO public."user" (id, email, password, name, avatar, banned, "banReason", "isActive", "resetLink", "confirmLink") VALUES (20, 'testers1@mail.ru', '$2b$04$jIE5J2dyGvC9R7AoFaq8FunUogSyQES7KKGRyR3AuDK772BjO6JIe', 'test', NULL, false, NULL, false, NULL, NULL);
INSERT INTO public."user" (id, email, password, name, avatar, banned, "banReason", "isActive", "resetLink", "confirmLink") VALUES (21, 'testers2@mail.ru', '$2b$04$Sa0fG..bVGgq/T88FeN8C.BbA1SWZk4.nd4TA6aDxx0WAHZADM3hi', 'test', NULL, false, NULL, false, NULL, NULL);
INSERT INTO public."user" (id, email, password, name, avatar, banned, "banReason", "isActive", "resetLink", "confirmLink") VALUES (22, 'testers3@mail.ru', '$2b$04$jz5A5EDfVOuMhiqHuaOXEebQlfUlznMnzV1CGfqDxDmZDs93aQKKm', 'test', NULL, false, NULL, false, NULL, NULL);
INSERT INTO public."user" (id, email, password, name, avatar, banned, "banReason", "isActive", "resetLink", "confirmLink") VALUES (23, 'testers4@mail.ru', '$2b$04$ORVyevMSZ/JLsMNL5ymkJuiUI3cK3tEC7eF2xg2k8Lzas3cap8urK', 'test', NULL, false, NULL, false, NULL, 'fe6895d6-e38f-442a-8546-2ddd42862774');
INSERT INTO public."user" (id, email, password, name, avatar, banned, "banReason", "isActive", "resetLink", "confirmLink") VALUES (24, 'testers6@mail.ru', '$2b$04$q5XQyo79s2JQK8FFQXGwgOmeTPP4XqN6bV5eJNoNYXYIroh7UzSY6', 'test', NULL, false, NULL, false, NULL, '6c678396-5d55-4e30-a68a-71ceaa9e6fed');
INSERT INTO public."user" (id, email, password, name, avatar, banned, "banReason", "isActive", "resetLink", "confirmLink") VALUES (25, 'testers7@mail.ru', '$2b$04$UkMBT1TYMduBkXC3GcSwKe.8H2MdKqfcphrkiaQaYRoRbgWzltRny', 'test', NULL, false, NULL, false, NULL, 'a9698e57-9fef-4441-8a78-16fdc3e1d9d1');
INSERT INTO public."user" (id, email, password, name, avatar, banned, "banReason", "isActive", "resetLink", "confirmLink") VALUES (26, 'testers8@mail.ru', '$2b$04$uvQW8r3krKYMAnGBmWZE2.5o4gUNbg4OPFeIRWNWeJq6hVEpoThDa', 'test', NULL, false, NULL, false, NULL, 'ca275c0d-358d-460c-9aba-f8518242d971');
INSERT INTO public."user" (id, email, password, name, avatar, banned, "banReason", "isActive", "resetLink", "confirmLink") VALUES (1, 'vital.pereg@mail.ru', '$2b$04$BY0adkkXaSfLEaoRCgCXleErmWZzyOWdePMv4ii.MPSZffpuv.t92', 'Vitalik', NULL, false, NULL, false, '1234', '55320036-6f58-4f78-9b71-d0e1920936fd');
INSERT INTO public."user" (id, email, password, name, avatar, banned, "banReason", "isActive", "resetLink", "confirmLink") VALUES (7, 'vital1.pereg@mail.ru', '$2b$04$YbxrwGlKK1jFa0H.H6hMPOzITZRipMeFrT2NxXRi4AiOlfxRJ2D8m', 'Vitalik', NULL, false, NULL, false, NULL, NULL);


--
-- TOC entry 3317 (class 0 OID 50178)
-- Dependencies: 208
-- Data for Name: user_roles_role; Type: TABLE DATA; Schema: public; Owner: postgres
--

INSERT INTO public.user_roles_role ("userId", "roleId") VALUES (8, 1);
INSERT INTO public.user_roles_role ("userId", "roleId") VALUES (9, 1);
INSERT INTO public.user_roles_role ("userId", "roleId") VALUES (10, 1);
INSERT INTO public.user_roles_role ("userId", "roleId") VALUES (12, 1);
INSERT INTO public.user_roles_role ("userId", "roleId") VALUES (13, 1);
INSERT INTO public.user_roles_role ("userId", "roleId") VALUES (14, 1);
INSERT INTO public.user_roles_role ("userId", "roleId") VALUES (16, 1);
INSERT INTO public.user_roles_role ("userId", "roleId") VALUES (17, 1);
INSERT INTO public.user_roles_role ("userId", "roleId") VALUES (19, 1);
INSERT INTO public.user_roles_role ("userId", "roleId") VALUES (20, 1);
INSERT INTO public.user_roles_role ("userId", "roleId") VALUES (21, 1);
INSERT INTO public.user_roles_role ("userId", "roleId") VALUES (22, 1);
INSERT INTO public.user_roles_role ("userId", "roleId") VALUES (23, 1);
INSERT INTO public.user_roles_role ("userId", "roleId") VALUES (24, 1);
INSERT INTO public.user_roles_role ("userId", "roleId") VALUES (1, 3);
INSERT INTO public.user_roles_role ("userId", "roleId") VALUES (24, 3);
INSERT INTO public.user_roles_role ("userId", "roleId") VALUES (25, 1);
INSERT INTO public.user_roles_role ("userId", "roleId") VALUES (26, 1);


--
-- TOC entry 3330 (class 0 OID 0)
-- Dependencies: 209
-- Name: mail_id_seq; Type: SEQUENCE SET; Schema: public; Owner: postgres
--

SELECT pg_catalog.setval('public.mail_id_seq', 1, false);


--
-- TOC entry 3331 (class 0 OID 0)
-- Dependencies: 200
-- Name: migrations_id_seq; Type: SEQUENCE SET; Schema: public; Owner: postgres
--

SELECT pg_catalog.setval('public.migrations_id_seq', 5, true);


--
-- TOC entry 3332 (class 0 OID 0)
-- Dependencies: 206
-- Name: role_id_seq; Type: SEQUENCE SET; Schema: public; Owner: postgres
--

SELECT pg_catalog.setval('public.role_id_seq', 4, true);


--
-- TOC entry 3333 (class 0 OID 0)
-- Dependencies: 202
-- Name: token_id_seq; Type: SEQUENCE SET; Schema: public; Owner: postgres
--

SELECT pg_catalog.setval('public.token_id_seq', 1, true);


--
-- TOC entry 3334 (class 0 OID 0)
-- Dependencies: 204
-- Name: user_id_seq; Type: SEQUENCE SET; Schema: public; Owner: postgres
--

SELECT pg_catalog.setval('public.user_id_seq', 26, true);


--
-- TOC entry 3174 (class 2606 OID 50205)
-- Name: mail PK_5407da42b983ba54c6c62d462d3; Type: CONSTRAINT; Schema: public; Owner: postgres
--

ALTER TABLE ONLY public.mail
    ADD CONSTRAINT "PK_5407da42b983ba54c6c62d462d3" PRIMARY KEY (id);


--
-- TOC entry 3160 (class 2606 OID 50149)
-- Name: token PK_82fae97f905930df5d62a702fc9; Type: CONSTRAINT; Schema: public; Owner: postgres
--

ALTER TABLE ONLY public.token
    ADD CONSTRAINT "PK_82fae97f905930df5d62a702fc9" PRIMARY KEY (id);


--
-- TOC entry 3158 (class 2606 OID 50138)
-- Name: migrations PK_8c82d7f526340ab734260ea46be; Type: CONSTRAINT; Schema: public; Owner: postgres
--

ALTER TABLE ONLY public.migrations
    ADD CONSTRAINT "PK_8c82d7f526340ab734260ea46be" PRIMARY KEY (id);


--
-- TOC entry 3166 (class 2606 OID 50175)
-- Name: role PK_b36bcfe02fc8de3c57a8b2391c2; Type: CONSTRAINT; Schema: public; Owner: postgres
--

ALTER TABLE ONLY public.role
    ADD CONSTRAINT "PK_b36bcfe02fc8de3c57a8b2391c2" PRIMARY KEY (id);


--
-- TOC entry 3172 (class 2606 OID 50182)
-- Name: user_roles_role PK_b47cd6c84ee205ac5a713718292; Type: CONSTRAINT; Schema: public; Owner: postgres
--

ALTER TABLE ONLY public.user_roles_role
    ADD CONSTRAINT "PK_b47cd6c84ee205ac5a713718292" PRIMARY KEY ("userId", "roleId");


--
-- TOC entry 3162 (class 2606 OID 50162)
-- Name: user PK_cace4a159ff9f2512dd42373760; Type: CONSTRAINT; Schema: public; Owner: postgres
--

ALTER TABLE ONLY public."user"
    ADD CONSTRAINT "PK_cace4a159ff9f2512dd42373760" PRIMARY KEY (id);


--
-- TOC entry 3176 (class 2606 OID 50207)
-- Name: mail UQ_16ca2a55636bd86c31f3c822e61; Type: CONSTRAINT; Schema: public; Owner: postgres
--

ALTER TABLE ONLY public.mail
    ADD CONSTRAINT "UQ_16ca2a55636bd86c31f3c822e61" UNIQUE (email);


--
-- TOC entry 3168 (class 2606 OID 50177)
-- Name: role UQ_ae4578dcaed5adff96595e61660; Type: CONSTRAINT; Schema: public; Owner: postgres
--

ALTER TABLE ONLY public.role
    ADD CONSTRAINT "UQ_ae4578dcaed5adff96595e61660" UNIQUE (name);


--
-- TOC entry 3164 (class 2606 OID 50164)
-- Name: user UQ_e12875dfb3b1d92d7d7c5377e22; Type: CONSTRAINT; Schema: public; Owner: postgres
--

ALTER TABLE ONLY public."user"
    ADD CONSTRAINT "UQ_e12875dfb3b1d92d7d7c5377e22" UNIQUE (email);


--
-- TOC entry 3169 (class 1259 OID 50184)
-- Name: IDX_4be2f7adf862634f5f803d246b; Type: INDEX; Schema: public; Owner: postgres
--

CREATE INDEX "IDX_4be2f7adf862634f5f803d246b" ON public.user_roles_role USING btree ("roleId");


--
-- TOC entry 3170 (class 1259 OID 50183)
-- Name: IDX_5f9286e6c25594c6b88c108db7; Type: INDEX; Schema: public; Owner: postgres
--

CREATE INDEX "IDX_5f9286e6c25594c6b88c108db7" ON public.user_roles_role USING btree ("userId");


--
-- TOC entry 3178 (class 2606 OID 50190)
-- Name: user_roles_role FK_4be2f7adf862634f5f803d246b8; Type: FK CONSTRAINT; Schema: public; Owner: postgres
--

ALTER TABLE ONLY public.user_roles_role
    ADD CONSTRAINT "FK_4be2f7adf862634f5f803d246b8" FOREIGN KEY ("roleId") REFERENCES public.role(id);


--
-- TOC entry 3177 (class 2606 OID 50185)
-- Name: user_roles_role FK_5f9286e6c25594c6b88c108db77; Type: FK CONSTRAINT; Schema: public; Owner: postgres
--

ALTER TABLE ONLY public.user_roles_role
    ADD CONSTRAINT "FK_5f9286e6c25594c6b88c108db77" FOREIGN KEY ("userId") REFERENCES public."user"(id) ON UPDATE CASCADE ON DELETE CASCADE;


-- Completed on 2022-01-05 16:00:05 MSK

--
-- PostgreSQL database dump complete
--

